name;num_components;num_dims;num_modes;w2/N=10;w2/N=100;w2/N=1000;w2/N=10000;time/N=10;time/N=100;time/N=1000;time/N=10000
xu2022accurate;2;2;2;0.46695289;0.185342029;0.061041143;0.020029657;0.861414433;0.841656208;0.849668264;0.880595446
runnalls2007kullback-example 4.2;4;2;4;0.995314896;0.366764188;0.12683709;0.044787675;0.903115511;0.86677146;0.875651598;0.846176147
assa2018wasserstein;10;1;5;0.145218357;0.048809424;0.028251942;0.026963847;2.626330614;0.934949398;0.940701723;0.946755648
terejanu2008uncertainty;2;1;2;0.30217883;0.096691385;0.082370378;0.082370378;0.84179163;0.855306149;0.82598114;0.810060263
double-spiral;8;2;2;0.014142135;0.001807768;0.000194853;0.000145638;1.15046525;1.094447851;1.186501026;1.18723774
BNN Layer;1;256;1;0.324988335;0.211104825;0.146747187;0.100794144;2.660051107;2.60436058;2.623829126;2.797439575
degenerative;4;2;2;0.39987269;0.045824647;0.038834501;0.014568429;1.13081646;1.088414669;1.061927795;1.074706554
